"","date","newCasesByPublishDate","cumCasesByPublishDate","newDeaths28DaysByPublishDate","cumDeaths28DaysByPublishDate","newTestsByPublishDate","cumTestsByPublishDate","newAdmissions","hospitalCases","covidOccupiedMVBeds"
"1","2020-01-03",0,NA,0,NA,NA,NA,NA,NA,NA
"2","2020-01-04",0,NA,0,NA,NA,NA,NA,NA,NA
"3","2020-01-05",0,NA,0,NA,NA,NA,NA,NA,NA
"4","2020-01-06",0,NA,0,NA,NA,NA,NA,NA,NA
"5","2020-01-07",0,NA,0,NA,NA,NA,NA,NA,NA
"6","2020-01-08",0,NA,0,NA,NA,NA,NA,NA,NA
"7","2020-01-09",0,NA,0,NA,NA,NA,NA,NA,NA
"8","2020-01-10",0,NA,0,NA,NA,NA,NA,NA,NA
"9","2020-01-11",0,NA,0,NA,NA,NA,NA,NA,NA
"10","2020-01-12",0,NA,0,NA,NA,NA,NA,NA,NA
"11","2020-01-13",0,NA,0,NA,NA,NA,NA,NA,NA
"12","2020-01-14",0,NA,0,NA,NA,NA,NA,NA,NA
"13","2020-01-15",0,NA,0,NA,NA,NA,NA,NA,NA
"14","2020-01-16",0,NA,0,NA,NA,NA,NA,NA,NA
"15","2020-01-17",0,NA,0,NA,NA,NA,NA,NA,NA
"16","2020-01-18",0,NA,0,NA,NA,NA,NA,NA,NA
"17","2020-01-19",0,NA,0,NA,NA,NA,NA,NA,NA
"18","2020-01-20",0,NA,0,NA,NA,NA,NA,NA,NA
"19","2020-01-21",0,NA,0,NA,NA,NA,NA,NA,NA
"20","2020-01-22",0,NA,0,NA,NA,NA,NA,NA,NA
"21","2020-01-23",0,NA,0,NA,NA,NA,NA,NA,NA
"22","2020-01-24",0,NA,0,NA,NA,NA,NA,NA,NA
"23","2020-01-25",0,NA,0,NA,NA,NA,NA,NA,NA
"24","2020-01-26",0,NA,0,NA,NA,NA,NA,NA,NA
"25","2020-01-27",0,NA,0,NA,NA,NA,NA,NA,NA
"26","2020-01-28",0,NA,0,NA,NA,NA,NA,NA,NA
"27","2020-01-29",0,NA,0,NA,NA,NA,NA,NA,NA
"28","2020-01-30",0,NA,0,NA,NA,NA,NA,NA,NA
"29","2020-01-31",2,2,0,NA,NA,NA,NA,NA,NA
"30","2020-02-01",0,2,0,NA,NA,NA,NA,NA,NA
"31","2020-02-02",0,2,0,NA,NA,NA,NA,NA,NA
"32","2020-02-03",0,2,0,NA,NA,NA,NA,NA,NA
"33","2020-02-04",0,2,0,NA,NA,NA,NA,NA,NA
"34","2020-02-05",0,2,0,NA,NA,NA,NA,NA,NA
"35","2020-02-06",1,3,0,NA,NA,NA,NA,NA,NA
"36","2020-02-07",0,3,0,NA,NA,NA,NA,NA,NA
"37","2020-02-08",0,3,0,NA,NA,NA,NA,NA,NA
"38","2020-02-09",1,4,0,NA,NA,NA,NA,NA,NA
"39","2020-02-10",4,8,0,NA,NA,NA,NA,NA,NA
"40","2020-02-11",0,8,0,NA,NA,NA,NA,NA,NA
"41","2020-02-12",0,8,0,NA,NA,NA,NA,NA,NA
"42","2020-02-13",1,9,0,NA,NA,NA,NA,NA,NA
"43","2020-02-14",0,9,0,NA,NA,NA,NA,NA,NA
"44","2020-02-15",0,9,0,NA,NA,NA,NA,NA,NA
"45","2020-02-16",0,9,0,NA,NA,NA,NA,NA,NA
"46","2020-02-17",0,9,0,NA,NA,NA,NA,NA,NA
"47","2020-02-18",0,9,0,NA,NA,NA,NA,NA,NA
"48","2020-02-19",0,9,0,NA,NA,NA,NA,NA,NA
"49","2020-02-20",0,9,0,NA,NA,NA,NA,NA,NA
"50","2020-02-21",0,9,0,NA,NA,NA,NA,NA,NA
"51","2020-02-22",0,9,0,NA,NA,NA,NA,NA,NA
"52","2020-02-23",0,9,0,NA,NA,NA,NA,NA,NA
"53","2020-02-24",4,13,0,NA,NA,NA,NA,NA,NA
"54","2020-02-25",0,13,0,NA,NA,NA,NA,NA,NA
"55","2020-02-26",0,13,0,NA,NA,NA,NA,NA,NA
"56","2020-02-27",0,13,0,NA,NA,NA,NA,NA,NA
"57","2020-02-28",6,19,0,NA,NA,NA,NA,NA,NA
"58","2020-02-29",4,23,0,NA,NA,NA,NA,NA,NA
"59","2020-03-01",12,35,0,NA,NA,NA,NA,NA,NA
"60","2020-03-02",5,40,0,NA,NA,NA,NA,NA,NA
"61","2020-03-03",11,51,0,NA,NA,NA,NA,NA,NA
"62","2020-03-04",34,85,0,NA,NA,NA,NA,NA,NA
"63","2020-03-05",29,114,0,NA,NA,NA,NA,NA,NA
"64","2020-03-06",46,160,1,1,NA,NA,NA,NA,NA
"65","2020-03-07",46,206,1,2,NA,NA,NA,NA,NA
"66","2020-03-08",65,271,0,2,NA,NA,NA,NA,NA
"67","2020-03-09",50,321,1,3,NA,NA,NA,NA,NA
"68","2020-03-10",52,373,4,7,NA,NA,NA,NA,NA
"69","2020-03-11",83,456,0,7,NA,NA,NA,NA,NA
"70","2020-03-12",134,590,2,9,NA,NA,NA,NA,NA
"71","2020-03-13",207,797,1,10,NA,NA,NA,NA,NA
"72","2020-03-14",264,1061,18,29,NA,NA,NA,NA,NA
"73","2020-03-15",330,1391,14,43,NA,NA,NA,NA,NA
"74","2020-03-16",152,1543,22,65,NA,NA,NA,NA,NA
"75","2020-03-17",407,1950,16,82,NA,NA,NA,NA,NA
"76","2020-03-18",676,2626,34,116,NA,NA,NA,NA,NA
"77","2020-03-19",643,3269,45,162,NA,NA,NA,NA,NA
"78","2020-03-20",714,3983,32,194,NA,NA,NA,NA,NA
"79","2020-03-21",1035,5018,58,252,NA,NA,NA,NA,NA
"80","2020-03-22",665,5683,36,288,NA,NA,NA,NA,NA
"81","2020-03-23",967,6650,76,364,NA,NA,1272,NA,NA
"82","2020-03-24",1427,8077,148,512,NA,NA,1720,NA,NA
"83","2020-03-25",1452,9529,191,703,NA,NA,2085,NA,NA
"84","2020-03-26",2129,11658,181,884,NA,NA,1929,NA,NA
"85","2020-03-27",2890,14548,288,1172,NA,NA,2227,7264,NA
"86","2020-03-28",2556,17104,292,1464,NA,NA,2191,8275,NA
"87","2020-03-29",2502,19606,212,1676,NA,NA,2490,9522,NA
"88","2020-03-30",2665,22271,374,2050,NA,NA,3190,11090,NA
"89","2020-03-31",3250,25521,403,2453,11896,155174,2833,12595,NA
"90","2020-04-01",4567,30088,672,3125,11947,167237,3565,13635,NA
"91","2020-04-02",4522,34610,657,3782,13623,182352,3284,13873,1813
"92","2020-04-03",4672,39282,736,4518,14629,223578,2930,15544,2120
"93","2020-04-04",4000,43282,756,5274,16080,239658,2921,17500,2309
"94","2020-04-05",6199,49481,599,5873,13238,252896,2915,18852,2469
"95","2020-04-06",4143,53624,567,6440,13775,267303,3046,19490,2644
"96","2020-04-07",3888,57512,1105,7545,14423,281726,3150,20231,2864
"97","2020-04-08",5865,63377,1030,8575,16443,298169,2967,20737,2967
"98","2020-04-09",4675,68052,1116,9691,19116,316836,2629,21002,2963
"99","2020-04-10",5706,73758,1122,10813,18091,334974,2463,21277,3228
"100","2020-04-11",5234,78991,843,11656,18000,352974,2162,21251,3274
"101","2020-04-12",5288,84279,657,12313,14506,367667,2066,21684,3301
"102","2020-04-13",4342,88621,724,13037,14982,382650,2160,21304,3277
"103","2020-04-14",5252,93873,1076,14113,15994,398916,2088,21277,3234
"104","2020-04-15",4605,98476,880,14993,18665,417649,1880,20578,3228
"105","2020-04-16",4618,103093,1036,16029,21328,438991,2011,20385,3222
"106","2020-04-17",5599,108692,913,16942,21389,460437,1966,19326,3162
"107","2020-04-18",5526,114217,1105,18047,21626,482063,1629,19452,3247
"108","2020-04-19",5850,120067,432,18479,19316,501379,1657,19570,3176
"109","2020-04-20",4676,124743,570,19049,17970,537121,1737,19327,3130
"110","2020-04-21",4301,129044,1224,20273,22814,559935,1713,19136,3036
"111","2020-04-22",4451,133495,847,21120,23560,583496,1527,18530,2964
"112","2020-04-23",4583,138078,682,21802,28532,612031,1513,17864,2867
"113","2020-04-24",5386,143464,1010,22812,28760,640792,1525,17060,2703
"114","2020-04-25",4913,148377,815,23627,29058,669850,1254,16601,2702
"115","2020-04-26",4463,152840,364,23991,31610,701460,1355,16552,2580
"116","2020-04-27",4310,157149,320,24311,33287,734860,1537,16658,2460
"117","2020-04-28",3996,161145,969,25280,45505,780366,1518,15873,2353
"118","2020-04-29",4076,165221,769,26049,66793,849296,1489,15517,2286
"119","2020-04-30",6032,171253,634,26683,84215,933455,1443,15160,2224
"120","2020-05-01",6201,177454,698,27381,74893,1008348,1263,14719,2178
"121","2020-05-02",4806,182260,584,27965,63559,1071909,1180,14376,2068
"122","2020-05-03",4339,186599,253,28218,68817,1140726,1188,14184,2009
"123","2020-05-04",3985,190584,272,28490,73068,1220764,1249,14092,1936
"124","2020-05-05",4406,194990,726,29216,67444,1283443,1146,13718,1874
"125","2020-05-06",6111,201101,647,29863,74761,1360595,1206,13143,1802
"126","2020-05-07",5614,206715,458,30321,78912,1439506,1165,12622,1685
"127","2020-05-08",4649,211364,579,30900,77892,1517402,910,12049,1642
"128","2020-05-09",3896,215260,275,31175,77202,1594604,943,12017,1585
"129","2020-05-10",3923,219183,217,31392,76942,1671546,915,11723,1538
"130","2020-05-11",3877,223060,187,31579,70360,1741989,1029,11963,1485
"131","2020-05-12",3403,226463,614,32193,74859,1816848,983,11587,1414
"132","2020-05-13",3242,229705,447,32640,83472,1901014,966,11338,1342
"133","2020-05-14",3446,233151,352,32992,85166,1986193,909,10916,1314
"134","2020-05-15",3560,236711,350,33342,93934,2082174,868,10686,1337
"135","2020-05-16",3451,240161,411,33753,93353,2175527,813,10233,1234
"136","2020-05-17",3562,243723,67,33820,82141,2257668,792,10194,1196
"137","2020-05-18",2684,246406,146,33966,72532,2330252,848,10227,1141
"138","2020-05-19",2412,248818,500,34466,88126,2410097,880,10009,1106
"139","2020-05-20",2472,248293,328,34794,87819,2497915,850,9559,1034
"140","2020-05-21",2615,250908,273,35067,107919,2605843,842,9289,1008
"141","2020-05-22",3287,254195,291,35358,92143,2697987,739,9181,964
"142","2020-05-23",2959,257154,220,35578,92312,2790296,643,8811,928
"143","2020-05-24",2409,259559,379,35957,59633,2849932,587,8811,886
"144","2020-05-25",1625,261184,104,36061,78478,2998370,602,8833,863
"145","2020-05-26",2004,265227,131,36192,78099,3076645,697,8728,847
"146","2020-05-27",2013,267240,422,36614,83014,3159661,711,8215,783
"147","2020-05-28",1887,269127,343,36957,102734,3262396,702,7903,751
"148","2020-05-29",2095,271222,274,37231,106552,3368948,615,7583,719
"149","2020-05-30",2445,272826,154,37385,97387,3466338,568,7264,704
"150","2020-05-31",1936,274762,60,37445,105434,3638278,528,7234,679
"151","2020-06-01",1570,276332,86,37531,101571,3739808,605,7244,652
"152","2020-06-02",1613,277985,249,37780,129183,3869621,668,7082,636
"153","2020-06-03",1871,279856,254,38034,143443,4011931,634,6810,602
"154","2020-06-04",1805,281661,130,38164,144224,4157311,565,6571,571
"155","2020-06-05",1650,283311,258,38422,145009,4304282,475,6371,554
"156","2020-06-06",1557,284868,143,38565,117581,4422335,406,6141,540
"157","2020-06-07",1326,286194,54,38619,104122,4527480,407,5936,515
"158","2020-06-08",1205,287399,47,38666,98445,4662107,412,5924,509
"159","2020-06-09",1387,289140,195,38861,133102,4795468,492,5729,491
"160","2020-06-10",1003,290143,164,39025,145509,4941550,512,5469,439
"161","2020-06-11",1266,291409,76,39101,149344,5092695,446,5178,390
"162","2020-06-12",1541,292950,131,39232,147099,5241174,392,5088,393
"163","2020-06-13",1425,294375,107,39339,120409,5364875,385,4940,390
"164","2020-06-14",1514,295889,27,39366,83965,5449760,365,4907,393
"165","2020-06-15",1056,296857,29,39395,101337,5552801,440,4869,385
"166","2020-06-16",1279,298136,120,39515,122435,5675283,455,4862,378
"167","2020-06-17",1115,299251,110,39625,131631,5808862,432,4718,357
"168","2020-06-18",1218,300469,67,39692,135854,5948476,403,4559,352
"169","2020-06-19",1346,301815,84,39776,133535,6082480,336,4413,330
"170","2020-06-20",1295,303110,71,39847,117971,6201735,257,4251,346
"171","2020-06-21",1221,304331,31,39878,76514,6278432,288,4221,310
"172","2020-06-22",958,305289,14,39892,102957,6384549,395,4280,340
"173","2020-06-23",874,306210,94,39986,130680,6507342,362,4133,311
"174","2020-06-24",653,306862,87,40073,140303,6648415,369,4029,316
"175","2020-06-25",1118,307980,99,40172,155176,6847145,324,3849,276
"176","2020-06-26",1006,309360,79,40249,144928,6992073,339,3619,268
"177","2020-06-27",890,310250,40,40289,117741,7109814,287,3543,270
"178","2020-06-28",901,311151,31,40320,90229,7208646,208,3556,270
"179","2020-06-29",815,311965,21,40341,105384,7331986,220,3747,262
"180","2020-06-30",689,312654,53,40394,144787,7486285,295,3382,279
"181","2020-07-01",829,313483,97,40491,157131,7643831,270,3197,259
"182","2020-07-02",576,283757,41,40532,169259,7812218,217,3078,239
"183","2020-07-03",544,284276,50,40581,172566,7985271,214,2941,231
"184","2020-07-04",624,284900,32,40613,126100,8111677,202,2800,220
"185","2020-07-05",516,285416,19,40632,97315,8210372,196,2740,217
"186","2020-07-06",343,285768,11,40643,94284,8305032,204,2698,209
"187","2020-07-07",581,286349,54,40697,126238,8431626,214,2597,197
"188","2020-07-08",630,286979,57,40754,153092,8584627,208,2453,185
"189","2020-07-09",642,287621,31,40785,161796,8746603,213,2343,188
"190","2020-07-10",512,288133,34,40819,154864,8901570,176,2242,191
"191","2020-07-11",820,288953,17,40836,134890,9036673,177,2117,168
"192","2020-07-12",650,289603,9,40845,101927,9139226,114,2099,159
"193","2020-07-13",530,290133,10,40855,97403,9235686,189,2111,162
"194","2020-07-14",398,291373,44,40899,132121,9368703,185,1992,145
"195","2020-07-15",538,291911,26,40925,152063,9524251,166,1973,153
"196","2020-07-16",642,292552,24,40949,165966,9690514,167,1828,142
"197","2020-07-17",687,293239,26,40975,177625,9868579,144,1803,143
"198","2020-07-18",827,294066,9,40984,140393,10009148,105,1775,137
"199","2020-07-19",726,294792,11,40995,120968,10130116,126,1741,131
"200","2020-07-20",557,295372,10,41005,101741,10232901,130,1733,129
"201","2020-07-21",445,295817,25,41030,142559,10375459,126,1633,137
"202","2020-07-22",560,296377,17,41047,147595,10523054,158,1746,110
"203","2020-07-23",769,297146,9,41056,152133,10675176,200,1537,111
"204","2020-07-24",768,297914,32,41088,157229,10832984,157,1452,104
"205","2020-07-25",767,298681,15,41103,142954,10975936,120,1399,93
"206","2020-07-26",745,299426,8,41111,113424,11095717,110,1381,92
"207","2020-07-27",685,300111,3,41114,99090,11195038,130,1368,97
"208","2020-07-28",581,300692,21,41135,154946,11349983,119,1367,93
"209","2020-07-29",763,301455,34,41169,165480,11515652,132,1348,87
"210","2020-07-30",846,302301,0,41169,206656,11722733,132,1312,84
"211","2020-07-31",880,303181,20,41189,190220,11912950,113,1263,86
"212","2020-08-01",761,303942,13,41202,162088,12075267,128,1287,92
"213","2020-08-02",744,304685,5,41207,163786,12250937,93,1251,85
"214","2020-08-03",898,305623,1,41208,158666,12407146,110,1248,77
"215","2020-08-04",670,306293,18,41226,163422,12571991,126,1213,76
"216","2020-08-05",892,307184,14,41240,174519,12748043,140,1197,73
"217","2020-08-06",950,308134,18,41258,185980,12938980,100,1152,69
"218","2020-08-07",871,309005,12,41270,181864,13121091,118,1092,67
"219","2020-08-08",758,309763,3,41273,165176,13286362,141,1025,62
"220","2020-08-09",1062,310825,5,41278,166207,13453361,106,981,65
"221","2020-08-10",740,311641,18,41296,164061,13618470,86,1085,70
"222","2020-08-11",1148,312789,13,41309,166311,13785297,114,1037,73
"223","2020-08-12",1009,313798,20,41329,184444,13971512,101,1002,80
"224","2020-08-13",1129,314927,18,41347,169857,14142736,129,1006,75
"225","2020-08-14",1441,316367,11,41358,177957,14320621,101,993,73
"226","2020-08-15",1077,317444,3,41361,182987,14503645,99,972,76
"227","2020-08-16",1040,318484,5,41366,169276,14674841,80,977,78
"228","2020-08-17",713,319197,3,41369,150174,14825051,96,980,73
"229","2020-08-18",1089,320286,12,41381,163010,14988134,130,951,73
"230","2020-08-19",812,321098,16,41397,190434,15177265,114,923,70
"231","2020-08-20",1182,322280,6,41403,183933,15363416,98,908,76
"232","2020-08-21",1033,323313,2,41405,191360,15554879,109,887,72
"233","2020-08-22",1288,324601,18,41423,181455,15736334,72,941,71
"234","2020-08-23",1160,325761,6,41429,175209,15912155,74,868,72
"235","2020-08-24",853,326614,4,41433,153393,16065561,91,874,68
"236","2020-08-25",1184,327798,16,41449,186500,16273209,122,842,68
"237","2020-08-26",1048,328846,16,41465,208835,16483449,132,827,64
"238","2020-08-27",1522,330368,12,41477,203416,16698964,151,838,71
"239","2020-08-28",1276,331644,9,41486,197211,16896834,137,816,60
"240","2020-08-29",1108,332752,12,41498,183510,17080344,110,831,66
"241","2020-08-30",1715,334467,1,41499,182065,17262409,77,829,68
"242","2020-08-31",1406,335873,2,41501,181934,17444343,91,852,71
"243","2020-09-01",1295,337168,3,41504,175687,17619897,134,860,82
"244","2020-09-02",1508,338676,10,41514,203221,17823349,144,802,81
"245","2020-09-03",1735,340411,13,41527,206883,18031292,145,816,76
"246","2020-09-04",1940,342351,10,41537,210463,18240704,153,817,69
"247","2020-09-05",1813,344164,12,41549,191588,18432292,130,811,65
"248","2020-09-06",2988,347152,2,41551,189974,18625666,138,817,69
"249","2020-09-07",2948,350100,3,41554,195692,18823212,142,901,77
"250","2020-09-08",2460,352560,32,41586,209609,19060505,183,893,80
"251","2020-09-09",2659,355219,8,41594,227465,19293329,201,922,80
"252","2020-09-10",2919,358138,14,41608,240312,19542389,217,942,78
"253","2020-09-11",3539,361677,6,41614,250839,19832981,231,768,143
"254","2020-09-12",3497,365174,9,41623,231969,20064950,216,810,86
"255","2020-09-13",3330,368504,5,41628,227075,20292025,225,840,92
"256","2020-09-14",2621,371125,9,41637,221192,20521243,255,979,105
"257","2020-09-15",3105,374228,27,41664,288822,20811196,270,1064,115
"258","2020-09-16",3991,378219,20,41684,285296,21099610,285,1104,124
"259","2020-09-17",3395,381614,21,41705,267294,21368297,264,1160,127
"260","2020-09-18",4322,385936,27,41732,289911,21659184,263,1219,138
"261","2020-09-19",4422,390358,27,41759,265697,21924881,260,1298,144
"262","2020-09-20",3899,394257,18,41777,247099,22171979,289,1396,165
"263","2020-09-21",4368,398625,11,41788,218059,22390038,369,1556,181
"264","2020-09-22",4926,403551,37,41825,246359,22616796,350,1634,211
"265","2020-09-23",6178,409729,37,41862,269428,22901019,421,1728,228
"266","2020-09-24",6634,416363,40,41902,274768,23188836,422,1844,243
"267","2020-09-25",6874,423236,35,41937,298718,23488976,384,2018,262
"268","2020-09-26",6042,429277,34,41971,260297,23749273,351,2031,261
"269","2020-09-27",5693,434969,17,41988,267438,24016711,340,2186,276
"270","2020-09-28",4044,439013,13,42001,231923,24249112,444,2397,297
"271","2020-09-29",7143,446156,71,42072,237300,24507007,440,2418,314
"272","2020-09-30",7108,453264,71,42143,261798,24771732,451,2528,333
"273","2020-10-01",6914,460178,59,42202,271552,25048460,522,2587,341
"274","2020-10-02",6968,467146,66,42268,276740,25325482,528,2717,369
"275","2020-10-03",12872,480017,49,42317,288746,25614228,532,2863,369
"276","2020-10-04",22961,502978,33,42350,251623,25865851,629,3052,369
"277","2020-10-05",12594,515571,19,42369,276603,26147138,624,3365,393
"278","2020-10-06",14542,530113,76,42445,265809,26417989,722,3637,410
"279","2020-10-07",14162,544275,70,42515,259544,26679020,683,3888,442
"280","2020-10-08",17540,561815,77,42592,290104,26987470,710,4079,436
"281","2020-10-09",13864,575679,87,42679,302820,27290290,703,4165,440
"282","2020-10-10",15166,590844,81,42760,281976,27572265,720,4353,470
"283","2020-10-11",12872,603716,65,42825,259478,27831743,821,4665,477
"284","2020-10-12",13972,617688,50,42875,222047,28055923,882,4956,507
"285","2020-10-13",17234,634920,143,43018,268142,28371080,1020,5290,516
"286","2020-10-14",19724,654644,137,43155,300523,28677578,981,5594,563
"287","2020-10-15",18980,673622,138,43293,308856,28986852,1044,5929,581
"288","2020-10-16",15650,689257,136,43429,318256,29305105,910,6292,592
"289","2020-10-17",16171,705428,150,43579,309642,29614747,1024,6542,614
"290","2020-10-18",16982,722409,67,43646,307388,29922135,1086,6826,630
"291","2020-10-19",18804,741212,80,43726,263530,30187915,1092,7329,658
"292","2020-10-20",21331,762542,241,43967,283882,30483177,1184,7848,698
"293","2020-10-21",26688,789229,191,44158,314861,30809177,1259,8128,712
"294","2020-10-22",21242,810467,189,44347,343912,31158002,1275,8306,708
"295","2020-10-23",20530,830998,224,44571,351736,31510174,1289,8882,744
"296","2020-10-24",23012,854010,174,44745,319359,31829533,1255,9255,788
"297","2020-10-25",19790,873800,151,44896,321736,32151269,1418,9780,828
"298","2020-10-26",20890,894690,102,44998,264350,32418116,1532,10102,853
"299","2020-10-27",22885,917575,367,45365,311135,32745958,1487,10930,903
"300","2020-10-28",24701,942275,310,45675,343822,33089920,1483,11426,957
"301","2020-10-29",23065,965340,280,45955,378085,33470305,1584,11575,974
"302","2020-10-30",24405,989745,274,46229,330237,33804186,1373,11780,979
"303","2020-10-31",21915,1011660,326,46555,308232,34115308,1459,12297,1003
"304","2020-11-01",23254,1034914,162,46717,283009,34400232,1486,12211,979
"305","2020-11-02",18950,1053864,136,46853,219321,34634563,1567,13096,1075
"306","2020-11-03",20018,1073882,397,47250,275486,34921190,1514,13740,1144
"307","2020-11-04",25177,1099059,492,47742,308672,35241972,1677,13809,1193
"308","2020-11-05",24141,1123197,378,48120,355551,35601139,1586,13787,1183
"309","2020-11-06",23287,1146484,355,48475,362649,35963880,1413,13949,1187
"310","2020-11-07",24957,1171441,413,48888,332529,36296688,1556,14306,1207
"311","2020-11-08",20572,1192013,156,49044,286364,36586108,1685,14537,1232
"312","2020-11-09",21350,1213363,194,49238,250291,36837247,1762,15130,1271
"313","2020-11-10",20412,1233775,532,49770,310141,37147111,1846,14952,1219
"314","2020-11-11",22950,1256725,595,50365,381643,37533659,1972,15653,1268
"315","2020-11-12",33470,1290195,563,50928,383999,37918526,1912,15865,1275
"316","2020-11-13",27301,1317496,376,51304,385916,38304556,1647,16221,1355
"317","2020-11-14",26860,1344356,462,51766,344679,38649342,1612,16287,1365
"318","2020-11-15",24962,1369318,168,51934,284662,38932715,1669,16851,1397
"319","2020-11-16",21363,1390681,213,52147,236629,39188326,1770,17301,1391
"320","2020-11-17",20051,1410732,598,52745,286546,39480052,1714,17425,1420
"321","2020-11-18",19609,1430341,529,53274,367626,39858046,1781,17474,1430
"322","2020-11-19",22915,1453256,501,53775,399929,40266183,1683,17447,1426
"323","2020-11-20",20252,1473508,511,54286,395881,40662145,1542,17169,1421
"324","2020-11-21",19875,1493383,341,54626,369943,41032902,1460,17048,1447
"325","2020-11-22",18662,1512045,398,55024,279458,41316814,1487,17248,1454
"326","2020-11-23",15450,1527495,206,55230,214920,41533643,1586,17663,1487
"327","2020-11-24",11299,1538794,608,55838,314800,41858783,1494,17407,1489
"328","2020-11-25",18213,1557007,696,56533,359597,42217206,1614,17116,1480
"329","2020-11-26",17555,1574562,498,57031,387945,42605903,1420,16744,1456
"330","2020-11-27",16022,1589301,521,57551,337481,42943654,1279,16552,1417
"331","2020-11-28",15871,1605172,479,58030,311855,43255698,1220,15968,1378
"332","2020-11-29",12155,1617327,215,58245,220377,43479023,1381,16294,1388
"333","2020-11-30",12330,1629657,205,58448,216509,43729581,1404,16545,1357
"334","2020-12-01",13430,1643086,603,59051,314921,44059851,1488,16292,1351
"335","2020-12-02",16170,1659256,648,59699,356518,44416420,1487,15956,1315
"336","2020-12-03",14879,1674134,414,60113,393216,44812139,1500,15638,1261
"337","2020-12-04",16298,1690432,504,60617,385114,45197328,1435,15708,1274
"338","2020-12-05",15539,1705971,397,61014,356216,45553587,1378,15669,1247
"339","2020-12-06",17272,1723242,231,61245,273122,45826753,1467,15941,1249
"340","2020-12-07",14718,1737960,189,61434,218055,46047237,1659,16393,1271
"341","2020-12-08",12282,1750241,616,62033,297220,46344703,1779,16454,1272
"342","2020-12-09",16578,1766819,533,62566,372446,46730999,1752,16307,1243
"343","2020-12-10",20964,1787783,516,63082,404236,47141344,1751,16697,1267
"344","2020-12-11",21672,1809455,424,63506,395510,47536955,1686,16859,1275
"345","2020-12-12",21502,1830956,519,64026,359457,47896431,1794,16881,1243
"346","2020-12-13",18447,1849403,144,64170,312638,48209087,1755,17511,1281
"347","2020-12-14",20263,1869666,232,64402,277944,48488168,1953,18220,1288
"348","2020-12-15",18450,1888116,506,64908,307039,48810250,1949,18187,1326
"349","2020-12-16",25161,1913277,613,65520,368542,49178863,2078,18642,1340
"350","2020-12-17",35383,1948660,532,66052,378279,49579548,2142,18939,1366
"351","2020-12-18",28507,1977167,489,66541,394152,49974714,1915,19085,1364
"352","2020-12-19",27052,2004219,534,67075,442246,50417102,2043,19433,1412
"353","2020-12-20",35928,2040147,326,67401,433950,50851151,2164,19972,1442
"354","2020-12-21",33364,2073511,215,67616,426132,51287243,2367,21102,1512
"355","2020-12-22",36804,2110314,691,68307,456252,51747003,2473,21459,1529
"356","2020-12-23",39237,2149551,744,69051,512858,52259711,2270,21193,1554
"357","2020-12-24",39877,2189428,585,69636,466273,52726413,2082,21549,1607
"358","2020-12-25",32725,2222153,613,70249,339612,53066240,2182,20890,1616
"359","2020-12-26",35691,2257844,230,70479,270611,53337397,2525,21700,1682
"360","2020-12-27",30501,2288345,317,70796,353290,53759458,2870,22736,1751
"361","2020-12-28",41385,2329730,357,71153,357880,54118134,3125,24021,1847
"362","2020-12-29",53135,2382865,414,71567,347445,54467027,3244,25519,1939
"363","2020-12-30",50023,2432888,981,72548,423582,54892984,3278,26518,2066
"364","2020-12-31",55892,2488780,964,73512,485537,55397890,2913,26545,2122
"365","2021-01-01",53285,2542065,656,74168,423400,55822242,3368,26356,2162
"366","2021-01-02",57725,2599789,445,74613,412073,56235124,3432,27528,2256
"367","2021-01-03",54990,2654779,455,75068,429488,56665511,3647,28999,2420
"368","2021-01-04",58784,2713563,407,75475,466600,57144355,3933,30742,2560
"369","2021-01-05",60916,2774479,830,76305,501324,57652433,4107,30651,2645
"370","2021-01-06",62322,2836801,1041,77346,561217,58231730,4392,31910,2821
"371","2021-01-07",52618,2889419,1162,78508,623787,58860706,4280,32548,2929
"372","2021-01-08",68053,2957472,1325,79833,682793,59548847,3990,33743,3098
"373","2021-01-09",59937,3017409,1035,80868,568248,60119060,4122,33998,3145
"374","2021-01-10",54940,3072349,563,81431,486449,60607893,3924,35353,3264
"375","2021-01-11",46169,3118518,529,81960,538869,61160735,4308,36716,3363
"376","2021-01-12",45533,3164051,1243,83203,588144,61779630,4571,36947,3496
"377","2021-01-13",47525,3211576,1564,84767,632467,62430572,4218,37453,3626
"378","2021-01-14",48682,3260258,1248,86015,699379,63139169,4073,37649,3672
"379","2021-01-15",55761,3316019,1280,87295,600853,63749114,3673,38087,3789
"380","2021-01-16",41346,3357361,1295,88590,492574,64251652,3936,37668,3854
"381","2021-01-17",38598,3395959,671,89261,417965,64676986,3737,38120,3871
"382","2021-01-18",37535,3433494,599,89860,559939,65263737,4056,39204,3916
"383","2021-01-19",33355,3466849,1610,91470,582938,65875546,4143,38792,3947
"384","2021-01-20",38905,3505754,1820,93290,645050,66546047,4036,38682,3953
"385","2021-01-21",37892,3543646,1290,94580,668989,67231066,3612,37992,3960
"386","2021-01-22",40261,3583907,1401,95981,631901,67881652,3366,38182,4076
"387","2021-01-23",33552,3617459,1348,97329,486425,68375044,3089,37314,4066
"388","2021-01-24",30004,3647463,610,97939,412775,68794319,3091,37646,4077
"389","2021-01-25",22195,3669658,592,98531,546734,69359822,2901,37659,4032
"390","2021-01-26",20089,3689746,1631,100162,646145,70037093,3117,36990,3961
"391","2021-01-27",25308,3715054,1725,101887,818456,70872402,NA,35405,3937
"392","2021-01-28",28680,3743734,1239,103126,779459,71677362,NA,34783,3918
"393","2021-01-29",29079,3772813,1245,104371,NA,NA,NA,NA,3832
"394","2021-01-30",23275,3796088,1200,105571,NA,NA,NA,NA,NA
